objectid,title,creator,description,capturedate,latitude,longitude,subject,filetype,language,filename,filesize,format,measurement,uploaddate,rights,rightsstatement,alttext
rvphotos001,Accidental First Date Outfit,"Rochford-Volk, Nolan","This object is a photograph showing Nolan Rochford-Volk in his college bedroom wearing a sweater and khakis before an event on October 22, 2022. The photo is taken in the mirror, and the background of the image shows a desk, desk chair, dresser, the corner of his bed, and closet doors. This is a recreation of the outfit Nolan wore on their accidental first date, and it was recreated for this event accidentally, as well. ",2022-10-22,42.515426,-92.447251,Gay couples--United States--Pictorial works; Love--Miscellanea; Gay men--United States--Social life and customs.,image; stillimage,eng,001_2022_CedarFalls.jpg,2.7MB,image/jpg,3024x4032,2025-04-30,In Copyright,https://rightsstatements.org/page/InC/1.0/?language=en,This is a photograph of Nolan Rochford-Volk in his college bedroom wearing a blue sweater and tan khakis.
rvphotos002,First Photo of Him,"Rochford-Volk, Nolan","This object is a photograph of Jake Rochford-Volk on his and Nolan's third date. He is wearing a button-up, necklace, bracelet, watch, and ring with a cladagh. This is the first photo Nolan sent of Jake to his family.",2022-10-28,42.536753,-92.445347,Gay couples--United States--Pictorial works; Love--Miscellanea; Gay men--United States--Social life and customs.,image; stillimage,eng,002_2022_CedarFalls.jpg,2.1MB,image/jpg,3024x4032,2025-04-30,In Copyright,https://rightsstatements.org/page/InC/1.0/?language=en,"This is a photograph of Jake Rochford-Volk on his and Nolan's third date at a restaurant. He is wearing a button-up, necklace, bracelet, watch, and ring with a cladagh. "
rvphotos003,First Photo Together,"Rochford-Volk, Nolan","This object is the first photograph Nolan and Jake took together to send to Jake's family. This photo was taken just a few days after Nolan had to move in suddenly due to a roommate conflict. Nolan is wearing a mint green seatshirt and Jake is a wearing a red t-shirt with the text reading ""University of Northern Iowa"" with a vintage UNI logo.",2022-11-04,42.520509,-92.456120,Gay couples--United States--Pictorial works; Love--Miscellanea; Gay men--United States--Social life and customs.,image; stillimage,eng,003_2022_CedarFalls.jpg,4.3MB,image/jpg,3840x2160,2025-04-30,In Copyright,https://rightsstatements.org/page/InC/1.0/?language=en,"This is a photograph of Nolan and Jake. Nolan is wearing a mint green seatshirt and Jake is a wearing a red t-shirt with the text reading ""University of Northern Iowa"" with a vintage UNI logo. They are sitting on a couch with their kitchen in the background. "
rvphotos004,First Trip to the City (Alone),"Rochford-Volk, Nolan","This object is a photograph of Jake and Nolan on a trip to Chicago. Following a previous trip in March 2023 with Jake's mother to Chicago, Nolan and Jake ventured into the city on their own, visiting landmarks such as Cloud Gate. Nolan is wearing an orange Nike crewneck and Jake is wearing a gray University of Northern Iowa crewneck.",2023-05-20,41.882644,-87.623263,Gay couples--United States--Pictorial works; Love--Miscellanea; Gay men--United States--Social life and customs.,image; stillimage,eng,004_2023_Chicago.jpg,3.2MB,image/jpg,4032x3024,2025-04-30,In Copyright,https://rightsstatements.org/page/InC/1.0/?language=en,This is a photograph of Nolan and Jake in front of Cloud Gate in Chicago. Nolan is wearing an orange Nike crewneck and Jake is wearing a gray University of Northern Iowa crewneck.
rvphotos005,Banana Cream Pie Gone Wrong,"Rochford-Volk, Nolan","This object is a photograph of a banana cream pie upside down in a casserole dish. As a surprise, Jake made Nolan his favorite dessert--a banana cream pie. However, Jake made the filling with oatmilk, which didn't sit correctly. As a result, the whip cream collapsed into the filling, and Jake saved the dessert by putting it in a blue casserole dish.",2023-07-19,42.520509,-92.456120,Gay couples--United States--Pictorial works; Love--Miscellanea; Gay men--United States--Social life and customs.,image; stillimage,eng,005_2023_CedarFalls.jpg,2.5MB,image/jpg,3024x4032,2025-04-30,In Copyright,https://rightsstatements.org/page/InC/1.0/?language=en,This is a photograph of a banana cream pie upside down in a casserole dish.
rvphotos006,Banana Cream Pie Corrected (Sort of),"Rochford-Volk, Nolan",This object is a photograph that shows an upside down banana cream pie covered in whip cream. ,2023-07-19,42.520509,-92.456120,Gay couples--United States--Pictorial works; Love--Miscellanea; Gay men--United States--Social life and customs.,image; stillimage,eng,006_2023_CedarFalls.jpg,3.2MB,image/jpg,3024x4032,2025-04-30,In Copyright,https://rightsstatements.org/page/InC/1.0/?language=en,This is a photograph of a banana cream pie upside down in a casserole dish covered in whip cream.
rvphotos007,Trip to Lake Geneva ,"Rochford-Volk, Nolan","This object is a photograph of Jake Rochford-Volk at The Abbey Resort in Fontana-on-Lake-Geneva, Wisconsin. Jake is wearing a gray UNI half-zip and a white Adidas baseball cap and is eating a chicken wrap with sweet potato fries. This was taken on a family vacation where Nolan met Jake's siblings for the first time.",2023-09-08,42.548197,-88.575463,Gay couples--United States--Pictorial works; Love--Miscellanea; Gay men--United States--Social life and customs.,image; stillimage,eng,007_2023_FontanaOnGenevaLake.jpg,2.0MB,image/jpg,3024x4032,2025-04-30,In Copyright,https://rightsstatements.org/page/InC/1.0/?language=en,"This is a photograph of Jake Rochford-Volk at The Abbey Resort in Fontana-on-Lake-Geneva, Wisconsin. Jake is wearing a gray UNI half-zip and a white Adidas baseball cap and is eating a chicken wrap with sweet potato fries."
rvphotos008,First Anniversary Trip to Cedar Rock State Park,"Rochford-Volk, Jake","This object is a photograph of Cedar Rock, a Frank Lloyd Wright home at Cedar Rock State Park. To celebrate their first anniversary, Jake and Nolan visited Cedar Rock State Park in Quasqueton. Through the windows you can see the living room and piano.",2023-10-12,42.406146,-91.770408,Gay couples--United States--Pictorial works; Love--Miscellanea; Gay men--United States--Social life and customs.,image;stillimage,eng,008_2023_Quasqueton.jpg,4.0MB,image/jpg,4032x2268,2025-04-30,In Copyright,https://rightsstatements.org/page/InC/1.0/?language=en,"This is a photograph of Cedar Rock, a Frank Lloyd Wright home at Cedar Rock State Park, showing a large windowed living room and outdoor shrubs. This photo is taken in the rain, with rain droplets shown midair."
rvphotos009,Surprise Engagement on First Anniversary,"Thompsen, Brandi","This object is a photograph of Jake and Nolan shortly after they got engaged! They booked a first anniversary shoot, with photos to be taken at the Hearst Center for the Arts and on the University of Northern Iowa campus in Cedar Falls. Jake surprised Nolan with a proposal and a stand-in ring so that they could design a pair of rings together.",2023-10-12,42.515058,-92.448517,Gay couples--United States--Pictorial works; Love--Miscellanea; Gay men--United States--Social life and customs.,image;stillimage,eng,009_2023_CedarFalls.jpg,8.0MB,image/jpg,3909x5864,2025-04-30,In Copyright,https://rightsstatements.org/page/InC/1.0/?language=en,"This is a photograph of Nolan and Jake during their anniversary photo shoot. Nolan is wearing a tan flannel and blue jeans and is holding up his hand, revealing a ring. Jake is standing next to him in a green and black flannel with blue jeans. "
rvphotos010,Photo Sent to the Family Group Chat,"Rochford-Volk, Nolan","This object is a photograph taken at Montage, a fine dining restaurant in Cedar Falls. This shows Jake and Nolan's hands with each of their rings. It was the photo Nolan sent to his family to announce their engagement.",2023-10-12,42.536197,-92.445307,Gay couples--United States--Pictorial works; Love--Miscellanea; Gay men--United States--Social life and customs.,image;stillimage,eng,010_2023_CedarFalls.jpg,1.8MB,image/jpg,3024x4032,2025-04-30,In Copyright,https://rightsstatements.org/page/InC/1.0/?language=en,This is a photograph of  Jake and Nolan's hands with each of their rings. 
rvphotos011,First Meal Overseas,"Rochford-Volk, Nolan",This object is a photograph of Jake at a restaurant in London. This was Jake and Nolan's first meal after landing in the United Kingdom. Jake is wearing a green Under Armor sweatshirt.,2024-03-10,51.517319,-0.130025,Gay couples--United States--Pictorial works; Love--Miscellanea; Gay men--United States--Social life and customs.,image;stillimage,eng,011_2024_London.jpg,2.6MB,image/jpg,3024x4032,2025-04-30,In Copyright,https://rightsstatements.org/page/InC/1.0/?language=en,This is a photograph of Jake wearing a green Under Armor sweatshirt at a restaurant in London. There is a cup of coffee on the table in front of him.
rvphotos012,Tall Walk up Calton Hill,"Rochford-Volk, Jake","This object is a photograph of Jake and Nolan standing on Calton Hill, with the Old and New Towns in the background of the photo. Jake is kissing Nolan's cheek. Nolan is wearing a brown Carhartt Sweatshirt and Jake is wearing a black Under Armor sweatshirt. ",2024-03-13,55.954235,-3.182278,Gay couples--United States--Pictorial works; Love--Miscellanea; Gay men--United States--Social life and customs.,image;stillimage,eng,012_2024_Edinburgh.jpg,3.9MB,image/jpg,3840x2160,2025-04-30,In Copyright,https://rightsstatements.org/page/InC/1.0/?language=en,"This is a photograph of Jake and Nolan standing on Calton Hill, with the Old and New Towns in the background of the photo. Jake is kissing Nolan's cheek. Nolan is wearing a brown Carhartt Sweatshirt and Jake is wearing a black Under Armor sweatshirt. "
rvphotos013,Overlooking East Princes Street Gardens from National Galleries of Scotland ,"Rochford-Volk, Nolan","This object is a photograph from the basement of the National Galleries of Scotland overlooking the East Princes Street Gardens and the Scott Monument. Jake is the foreground of the picture, also taking a photograph on his phone. He is wearing a black sweatshirt and has a yellow backpack on. Another patron of the museum sits off to the right of the photograph.",2024-03-14,55.951647,-3.195505,Gay couples--United States--Pictorial works; Love--Miscellanea; Gay men--United States--Social life and customs.,image;stillimage,eng,013_2024_Edinburgh.jpg,2.8MB,image/jpg,4032x3024,2025-04-30,In Copyright,https://rightsstatements.org/page/InC/1.0/?language=en,"This is a photograph taken from the basement of the National Galleries of Scotland overlooking the East Princes Street Gardens and the Scott Monument. Jake is the foreground of the picture, also taking a photograph on his phone. He is wearing a black sweatshirt and has a yellow backpack on. Another patron of the museum sits off to the right of the photograph."
rvphotos014,Bluebells at Katoski Greenbelt,"Rochford-Volk, Jake",This object is a photograph of the bluebells that bloom every spring in the Katoski Greenbelt in Waterloo. The Greenbelt is a favorite spot for Jake and Nolan to walk.,2024-04-21,42.472922,-92.405383,Gay couples--United States--Pictorial works; Love--Miscellanea; Gay men--United States--Social life and customs.,image;stillimage,eng,014_2024_Waterloo.jpg,9.1MB,image/jpg,4032x2268,2025-04-30,In Copyright,https://rightsstatements.org/page/InC/1.0/?language=en,"This is a photograph of freshly bloomed bluebells with bare trees in the background of the photo, creating stark contrast."
rvphotos015,Our Finished Rings,"Rochford-Volk, Jake","This object is a photograph of Jake and Nolan's completed rings, with Nolan's on the left and Jake's on the right. They are identical except Jake's has a green saphire and Nolan has a blue one, and the two golds are inverted from one another. ",2024-04-22,41.842220,-87.949720,Gay couples--United States--Pictorial works; Love--Miscellanea; Gay men--United States--Social life and customs.,image;stillimage,eng,015_2024_OakBrook.jpg,458KB,image/jpg,1440x1080,2025-04-30,In Copyright,https://rightsstatements.org/page/InC/1.0/?language=en,"This is a photograph of Jake and Nolan's completed rings, with Nolan's on the left and Jake's on the right. They are identical except Jake's has a green saphire and Nolan has a blue one, and the two golds are inverted from one another. "
rvphotos016,Eating at El Tapatio in Waverly,"Rochford-Volk, Nolan","This object is a photograph of Jake at El Tapatio, a Mexican restaurant in Waverly. This restaurant is one of their favorites, and is worth the 20 minute drive from their home in Waterloo. This photo also represent's Nolan's conversion to a Mexican food lover because of Jake's passion for it. Jake is seen here in a green baseball cap that reads ""Plant Dad,"" sunglasses, and a burgundy t-shirt.",2024-07-07,42.706067,-92.476409,Gay couples--United States--Pictorial works; Love--Miscellanea; Gay men--United States--Social life and customs.,image;stillimage,eng,016_2024_Waverly.jpg,2.7MB,image/jpg,3024x4032,2025-04-30,In Copyright,https://rightsstatements.org/page/InC/1.0/?language=en,"This is a photograph of Jake in a green baseball cap that reads ""Plant Dad,"" sunglasses, and a burgundy t-shirt. There are two margaritas on the table in front of him as well as guacamole and salsa."
rvphotos017,Wedding Day (1 Year Early),"Rochford-Volk, Nolan","This object is a photograph of Jake and Nolan on the day of their elopement, one year exactly before their anticipated wedding date of September 20, 2025. Fearing the loss of their right to marriage, Jake and Nolan chose to elope and got married with friends as their witnesses. ",2024-09-20,42.468874,-91.892262,Gay couples--United States--Pictorial works; Love--Miscellanea; Gay men--United States--Social life and customs.,image;stillimage,eng,017_2024_Independence.jpg,3.0MB,image/jpg,4032x3024,2025-04-30,In Copyright,https://rightsstatements.org/page/InC/1.0/?language=en,This is a photograph of Jake and Nolan on their wedding day. They are both wearing green sweaters in slightly different shades.
rvphotos018,Wedding Day Brunch at Patton,"Rochford-Volk, Nolan","This object is a photograph of Jake and Nolan celebrating with champagne and friends at Patton, a restaurant in Cedar Falls. Nolan is wearing a green button-up and Jake is a wearing a green and blue flannel.",2024-09-20,42.535391,-92.445705,Gay couples--United States--Pictorial works; Love--Miscellanea; Gay men--United States--Social life and customs.,image;stillimage,eng,018_2024_CedarFalls.jpg,2.4MB,image/jpg,3024x4032,2025-04-30,In Copyright,https://rightsstatements.org/page/InC/1.0/?language=en,"This is a photograph of Jake and Nolan celebrating with champagne and friends at Patton, a restaurant in Cedar Falls. Nolan is wearing a green button-up and Jake is a wearing a green and blue flannel."
rvphotos019,Visiting Aaron and MP in Denver,"Rochford-Volk, Nolan","This object is a photograph taken inside a restaurant in Denver with, from left to right, Aaron Volk, Savannah Volk, Nolan Rochford-Volk, María Paula Vargas Ávila, and Jake Rochford-Volk.",2024-10-24,39.743050,-104.970011,Gay couples--United States--Pictorial works; Love--Miscellanea; Gay men--United States--Social life and customs.,image;stillimage,eng,019_2024_Denver.jpg,3.2MB,image/jpg,4032x3024,2025-04-30,In Copyright,https://rightsstatements.org/page/InC/1.0/?language=en,"This is a photograph of, from left to right, Aaron Volk, Savannah Volk, Nolan Rochford-Volk, María Paula Vargas Ávila, and Jake Rochford-Volk. The photo is taken ina restaraunt, with many empty plates on the table. "
rvphotos020,Touring the Ice Castle in Minnesota,"Rochford-Volk, Nolan","This object is a photograph of Cassidy Brunscheon, Jake Rochford-Volk, and Nolan Rochford-Volk at an Ice Castle in Falcon Heights. The background of the photograph is mostly obsured, with all that can be seen is the top of a blue ice sculpture and tall walls made of similar blue ice.",2025-01-18,44.970017,-93.289131,Gay couples--United States--Pictorial works; Love--Miscellanea; Gay men--United States--Social life and customs.,image;stillimage,eng,020_2025_FalconHeights.jpg,2.3MB,image/jpg,4032x3024,2025-04-30,In Copyright,https://rightsstatements.org/page/InC/1.0/?language=en,"This is a photograph of Cassidy Brunsheon, Jake Rochford-Volk, and Nolan Rochford-Volk. Casidy is in the foreground of the picture in a gray hat and black coat. Jake is wearing a brown leather jacket and sunglasses, and Nolan is wearing a gray Iowa Hawkeyes stocking hat with a black winter coat. "
rvphotos021,New Car Day,"Rochford-Volk, Jake","This object is a photograph of Nolan in front of his new (to him) 2021 Chevy Blazer. Fearing rising vehicle costs because of tarriffs, Nolan and Jake spent a day test driving cars before settling on a vehicle in Cedar Rapids. ",2025-04-01,42.026047,-91.667247,Gay couples--United States--Pictorial works; Love--Miscellanea; Gay men--United States--Social life and customs.,image;stillimage,eng,021_2025_CedarRapids.jpg,4.0MB,image/jpg,4032x2268,2025-04-30,In Copyright,https://rightsstatements.org/page/InC/1.0/?language=en,"This is a photograph of Nolan in front of his new (to him) 2021 Chevy Blazer. He is wearing a gray sweatshirt and black sweatpants, both Nike."